2162195701	12340363	positive	@DLind I know! But yes. She sent round a scathing email during a discussion of Twitter. It burned.
2162196202	12340384	positive	"@peterfacinelli YOU HAVE TO WIN! cant wait to see ""all the single ladies performance"" LOL!"
2162196802	12340402	positive	@MILFaliciousOne yeah i believe this to be true for those square cats!!!
2162197303	12340419	positive	"Well, I will watch television while haveing milk with cereals until I fall asleep, I guess. Night Night followers, see you all tomorrow."
2162198700	12340458	positive	@DonnieWahlberg your son is absolutely adorable!!! thank you for another great night in Jersey!!
2162198702	12340460	positive	@KrisColvin I just imagined that in a Mr. T voice - I pity the fools that kidnap me - sounds funny with your face attached.
2162198703	12340461	positive	Went to a great wedding reception was very relaxing
2162199302	12340479	positive	@TurQuOiZe_eYeZ she overheard me reading ur tweet to tim and now she has a perma grin!! She likes him!
2162199703	12340496	positive	@jonasbrothers:ARGENTINA WANTS THE JONAS BROTHERS FOR CHRISTMAS/NEW YEAR!..-
2162200004	12340511	positive	"i spent the whole day with her though, so maybe its ok.."
2162200601	12340530	positive	sigh---&gt;loving life! :) we DOPE like shyt!lol
2162201003	12340537	positive	"Mt. Mitchell repeaters acting up?  First they were off the air, then it sounds like connector probs?"
2162201603	12340556	positive	"I saw ""Mean Girls"". It was your average, run-of-the-mills teen movie. I will say Lindsey Lohan was absulutly gorgous. http://ff.im/-3Xdao"
2162201901	12340567	positive	Did you know? A tRNA with an anticodon complementary to the mRNA codon brings its specific amino acid into place. I love homework.
2162202402	12340582	positive	http://twitpic.com/7cvz6 - I cant wait for volleyball this fall with my favorite girls!
2162202802	12340593	positive	"@Sole_on_Ice hell nah, I got my 2nd, 3rd, 4th wind. This band is great!"
2162203304	12340613	positive	"@dj_Twomp_MP3Ent hey, I promote any hook ups!"
2162203800	12340628	positive	"@kuosis Ok K, to clear it up, Tony gave Michelle the watch! NOT SID, get it right! Haha, I was correct."
2162203804	12340629	positive	@drjanssens Get 100 followers a day using www.tweeterfollow.com Once you add everyone you are on the train or pay vip :)
2162204704	12340657	positive	".@LMangueArt @stanwong27 intrigued by ""Ace in the Hole""; now i really want to see it! exciting, thx so much! http://ow.ly/dZQ1"
2162204902	12340661	positive	"@labradors Thanks~We had fun & mets lots of four leggeds out for a walk in the woods with their humans, too!"
2162204900	12340662	positive	@joedubz yea its a heaps nice song..hence y i dedicated it 2 all of you guys xD
2162204904	12340663	positive	getting the pens ready for the expecting mother goats to start kidding the end of August...
2162205003	12340668	positive	@ShaiBrooklyn Tis all good :pet
2162207104	12340746	positive	Is actually looking forward to getting up at 5:45 am. !
2162207403	12340755	positive	"not such a good night so far, lol and got all excited to go out. and this???"
2162207404	12340757	positive	"Man, Tulsa ROCKS! Thank you beautiful people for a beautiful evening. Heading toward Memphis at 8:30 AM for our Levitt Shell show!"
2162207702	12340765	positive	@mzpocahontas Get 100 followers a day using www.tweeterfollow.com Once you add everyone you are on the train or pay vip :)
2162208000	12340774	positive	Reeeally enjoyed Away We Go.
2162208004	12340776	positive	Kind of sad to be going back to Bishop tomorrow...I love it here
2162208100	12340778	positive	hope you get to feeling better beckypooh
2162210003	12340834	positive	@sen1989 nice way to brag about all ur stinkin followers tho ugh lol
2162210301	12340846	positive	I have a dream where I can get my PC wireless hooked up properly so I can try Blueberry Garden. My MacBook wireless setup was easy. :(
2162210904	12340862	positive	@zeusdagreat91 Get 100 followers a day using www.tweeterfollow.com Once you add everyone you are on the train or pay vip :)
2162211401	12340879	positive	"So glad Ashley, Whittney and Rachel made it to Jackson. Jim and I and the entire committee are very proud!"
2162211901	12340897	positive	RB @urlgirl (Good this music) [bagdad cafe - I Am Calling You] @GabiRapuano I am calling you.... ? http://blip.fm/~870qx
2162212001	12340898	positive	i am eternally grateful to Mr. Leibner..i really am. oh man. i really really am
2162212803	12340928	positive	The important thing was to love rather than to be loved.
2162213102	12340940	positive	"Strategic Make Money- Your Internet Business Money Flash Article ...: money premium To make money online, the ma.. http://bit.ly/Fs1m6"
2162213400	12340950	positive	#iremember when I use to have this child like faith that love would be this very uncomplicated feeling
2162213704	12340962	positive	&lt;---------- I need more followers almost to 100 help ur girl out! Follow me@mzYummyB
2162214404	12340987	positive	Just added myself to the http://wefollow.com twitter directory under:  #dodgers #base #socialmedia
2162214503	12340991	positive	@Jonasbrothers ARGENTINA WANTS THE JONAS BROTHERS FOR CHRISTMAS/NEW YEAR!.
2162215103	12341007	positive	"Lol the only successful man she will ever have rhymes with ""ber band."""
2162216803	12341064	positive	Chillin out on break between sets in Troy
2162216902	12341069	positive	Thanks to US99! The seats were awesome  and the show rocked! Thats the perfect way to start the summer!!!!!!
2162217301	12341079	positive	Energy-efficient home improvements can garner tax credits: There is an expanded remodeling tax credit for energy.. http://bit.ly/kqd8T
2162217502	12341085	positive	@MissKeriBaby U not kickin wit @souljaboytellem + @bowwow614 It seem like those would be good times unless U got tired of them on the ai ...
2162218600	12341126	positive	"Every plant in Tomorrowland at Disneyland is edible. Guests are welcome to help themselves to bananas, strawberries, tomatoes, and more."
2162219002	12341139	positive	"@CruciFire Thanks for the welcome pal! Prepaid for life, no credit card: That is my life motto! :)"
2162219000	12341141	positive	I feel like going to bed soon blah
2162220004	12341177	positive	"The one song in the world that makes me forget about everything, Losing It - Never Shout Never"
2162220700	12341199	positive	wishing i was back in vegas
2162220801	12341205	positive	@renigade Somewhere I was supposed to go wit Constance. .
2162220904	12341209	negative	@LouYoungNY Could you poke the guys in your newsroom to get off their asses and do their job?  That would be cool.
2162221101	12341213	positive	Glow n the dark bowling for my  ten yr olds birthday with her friends my older daughter and my hubby
2162221103	12341214	positive	is a fan of the UFC 09 new fighting game for PS3!!!!
2162221300	12341218	positive	get up soldier. You are not going to die on me today.
2162221304	12341219	positive	ohhhhh man...erotic city by prince is playing on pandora...love sexy music!!!
2162221404	12341220	positive	wondering when i survived a japanese game show is on! this show really cracks me up everytime i watch it :)
2162221403	12341223	negative	@Unique856 thats the spirit. lol. but im gettin ready to hit the sack. my daughter is falling back asleep finally. imma catch u on the flip
2162221902	12341240	positive	@MyInnerSexFiend o well i find that a very good thing
2162222102	12341244	positive	"Grizzly Bear ""While You Wait for the Others"" ? http://twt.fm/158496"
2162222401	12341257	positive	"@Mz_Gio lol the kind u always take, what kind r U talkin about.."
2162222601	12341264	positive	"Hey jaqui, I was so envious of ur dinner I have raced to the shops to buy fresh veges,wine and apple crumble & ice-cream for our dinner.Mwah"
2162222701	12341269	positive	"Cards, scrapbooks, crafts &amp; other good junk...: Power Layout! http://bit.ly/1Krwg"
2162222703	12341271	positive	@jonathanknight I was at the show toknight! Love ya sweetie ;)
2162222902	12341276	negative	my uncle was just in a car accident.
2162222900	12341277	negative	WHO THE HELL IS JAIR ?!
2162223003	12341283	positive	@edward2345 thats wussup cuz im on that twitter berry 2 all day err day
2162223101	12341285	negative	Bored And tired
2162223100	12341286	positive	@ohioarbonneman Get 100 followers a day using www.tweeterfollow.com Once you add everyone you are on the train or pay vip :)
2162223102	12341287	positive	"RT @datadirt Finally, the 1st ReTweet-Exchange went online - http://datadirt.net/rtw [smart idea, this could be an effective booster]"
2162223203	12341289	negative	I just attacked @dominiquebustos and lost. http://140mafia.com #140mafia
2162223504	12341304	negative	How is the G1 compared to an Iphone or BB? RT @MF213: I got 5 twitter apps on my g1 jail is not a option
2162223603	12341308	negative	lazy sunday not doing much.
2162223701	12341313	negative	which sucks more: going out & seeing kids that I used 2 babysit or coming home & realizing that I forgot 2 put sheets on my bed?
2162223804	12341315	negative	i was not sucking abbis dick !  i was rubbing it !  she needs to learn how to read.
2162224103	12341326	negative	Hell of a day n the ER pepple need 2 stay hydrated and not over do it
2162224204	12341327	positive	It lukz dam gud. Same colur az silver. Il shw it to u dw.. Hehe jus gt hme
2162224303	12341330	positive	"our family reunion is winding down, it was a great time with great family.  seems like all had a good time.  looking forward to another one."
2162224703	12341344	positive	@jeremybottega your really getting into this whole twitter thing haha :)
2162224702	12341345	positive	going to bed but praying for some positive developments by morning. #iranelection
2162224803	12341348	positive	@whoisnickg Get 100 followers a day using www.tweeterfollow.com Once you add everyone you are on the train or pay vip :)
2162225204	12341361	negative	my bed is sooo dusty.
2162225402	12341367	positive	http://twitpic.com/7cw5u - I guess I like it?
2162225401	12341368	negative	I dropped my phone in my drink.
2162225701	12341375	negative	@misschloe That stuff makes me sick.
2162225802	12341378	negative	@thaiceman2006 yooooo I need that lol... Imma put my ringer on MAX and my shit usually be on siiiilent
2162226100	12341388	positive	man the refs for the game sucked @$$. They need to go back to reffing school
2162226202	12341392	negative	"..was just informed by my man to ""never disrespect hulk hogan......"" he compared it to disrespecting ronald reagan....wowwwwwwww"
2162226600	12341405	positive	RT @bachlau: Her name is default.aspx. Awesome. http://www.facebook.com/default.aspx  &lt;= LOL
2162226703	12341408	negative	@JaimeMcKnight Damn it i just had to deleted jordan off my cell lol.
2162226801	12341411	positive	@janewells Much depends on when you open and close your fist.
2162227404	12341432	negative	@jes2go You are very welcome. The shelter was very busy today but still too many animals for not enough people. So sad...
2162227704	12341441	negative	"@AuroraJo magna carter...thats like congressional toilet paper, the other choice being habeus corpus, right?"
2162227900	12341447	negative	i feel like being such an immature little bitch with you right now.
2162227902	12341448	positive	Is in Vegas!!!!! Dressed up and going out!!! This should be interesting ;)
2162228104	12341451	positive	Watching CSI b2b..Another 2 more to go..
2162228403	12341460	positive	"if anyone can get their hands on (or knows someone who can) a few empty blood bags, pls let me know. Needed for June 22!"
2162228402	12341463	negative	Me: you take up two spaces and ur worried about by parkig skills?
2162228501	12341467	negative	Kinda tired...& my feet hurt. Heading home a tad early bc we started at 8pm. So fun though! Love my beautiful ladies! http://mypict.me/3Loz
2162228601	12341471	positive	Full of sprite and nothing. Contact is the bomb (I really need to learn how to think under pressure). LAUGH flatulence and trucks and snakes
2162228702	12341473	negative	RT @IranRiggedElect: SMS is still down. Internet works but limited. Very slow. Most websites are filtered. People use email. #IranElection
2162228701	12341474	negative	@mnkyboi452 yea its histerical. Same one where selma blair gets one stuck in her throat
2162228800	12341476	positive	A wonderful night with Jana. Great meal at The Boiler Room and a fun and brilliant concert courtesy of @Coldplay. Now we get to sleep in!
2162228801	12341479	positive	The Hangover was... Umm... Go see it haha
2162228902	12341480	positive	#CNNFail all media is failing in the coverage of the Iranian revolt. This is important people!
2162229201	12341489	negative	"In related news, the dress is practically finished. just doing the scarf and hat next. If I die, it will at least be in costume."
2162229203	12341490	negative	"fyi... 8 year olds cause migraines when they are enclosed in small areas, such as a dwelling used for sleeping..."
2162229302	12341492	positive	@billdng loool it means im doing great! x
2162229400	12341495	negative	Nyc clurbs make me want to kill myself.
2162230202	12341518	negative	@ravey_baby remeber the picture of the lady n his room & im like so is this ur mom?? he was mad as fuck lmao
2162230502	12341529	positive	All Dreamless pages for the first issue are finally done. Phew. Back to TPR! yay!
2162230600	12341532	negative	"Standing around on cement isnt helping my knees, hips and ankle any..."
2162230700	12341538	positive	Thinking of starting a Online Business? http://bit.ly/ktkR1
2162230902	12341544	positive	@hahaYuliya good day and how are you?
2162231001	12341545	positive	We are programed to receive u can check out any time u like but u can never leave....
2162231104	12341546	positive	"@circadianchild Wah lao! Not like I go for plastic surgery everyday, so of course look the same lah! =.="""
2162231500	12341563	negative	"We are not setting up a socialist republic nor are we siding with an agenda of favoritism, but stating the discontent with continued failure"
2162231902	12341571	positive	"Everyone knows Los Angeles is the entertainment capital, but it is also a fine arts Mecca that boasts over 300 museums."
2162232900	12341608	positive	shopping in vegas for my birthday. how fun this will be! ^_^
2162232902	12341610	negative	@Baddestbabenbk nooo i said my boo went to a partty.im at his house..lol. ididnt feel like going..
2162234200	12341650	positive	Work Hard. Be Nice.: How Two Inspired Teachers Created the Most Promising Schools in America    http://rln.me/LaW6
2162234202	12341652	negative	"y do i keep forgettin wat i was gonna do, after readin sum tweets............i kno it man, its da sleeep"
2162234304	12341654	positive	"The Star-Ledger &gt;&gt; A quarter-century later, Jack Ramsay still catches grief for passing over Michael Jordan http://tinyurl.com/ms84pr"
2162234302	12341656	positive	"Are you using @MrTweet yet? Besides recommending you to relevant folks, he also helps you discover them as well! http://mrtweet.com?v=12"
2162234703	12341672	positive	"Today: A great time getting nails done w/bride, gr8 meal and fun w/ friends, a beautiful & fun wedding, & caught up w/ great, old friend.."
2162235000	12341683	negative	RT @KimSherrell: RT @JimMacMillan: BBC w/video: Thousands of angry protesters have clashed with police - http://is.gd/11nkz
2162235201	12341689	positive	"oh god, jared just learned how to text his  facebook status. dear god. the world. it is ending."
2162235202	12341690	positive	"@TYRESE4REAL http://twitpic.com/7c9ve - This a very beautiful picture, thank you tyrese for sharing this with us"
2162235300	12341695	negative	"@TrentShelton cause u the fuckin best,u the fuckin best...thats my shit!!"
2162235403	12341701	negative	I really hate this hospital. Its lonely! :(
2162235502	12341702	positive	@stnmoon @DianaKhalil Thank you for the RT &lt;3!!! :)
2162235800	12341710	positive	"I walked by the Hockey Hall of Fame today... thought about going in, but realised none of the trophies would be there!"
2162235804	12341711	negative	@TunezWorld yah that old ass throw back. like 3 years ago
2162236000	12341720	negative	Time to find more drinks with caffiene
2162236104	12341723	positive	RT @IranNewsNow: Tonight we are all Iranians!  Please RT
2162236101	12341724	negative	i still wanna cut big chomps of meat out of your stupid face and make your children watch while i force you to eat them.
2162236202	12341725	positive	Golden Gate Park is actually fantastic. Impossible to describe it any different.
2162236700	12341740	positive	hey everone been gone for a few days how have twitterland been?
2162236702	12341742	positive	"Jonathan Rubinstein is named CEO of PalmMuckety,&nbsp;NYIn addition to his key role in the development of the iPod, Rubinstein also helpe.."
2162237004	12341750	positive	@bigdog8270 it WAS ENJOYABLE
2162237204	12341757	positive	@jonasbrothers:ARGENTINA WANTS THE JONAS BROTHERS FOR CHRISTMAS/NEW YEAR!
2162237300	12341764	negative	Watching The Fugitive w/ Michael. Tired.
2162237404	12341770	positive	Just installed Chrome today looks ok some nice features but nothing mind blowing.
2162237601	12341775	positive	You know the only thing better than playing Settlers of Catan one night of your weekend? playing it two nights of your weekend :D
2162237700	12341779	negative	Killing Me Softly is on! Joseph Fiennes in FINE&lt;3
2162237803	12341786	negative	"@Artieka just rudeness in general, control your wifey"
2162237904	12341789	positive	Watching the Neverending Story
2162238003	12341794	negative	hates looking for formal shoes. The nice ones are the high ones which are also the uncomfortable ones and expensive ones.
2162238304	12341804	positive	"@Aeolus_Kaius *Shrugging and grinning into my blood.*  That is for you to decide, Aeolus-san...but I just think life is more enjoyable &gt;"
2162238903	12341825	positive	@vtweet Get 100 followers a day using www.tweeterfollow.com Once you add everyone you are on the train or pay vip :)
2162239001	12341827	positive	Cute set up for a grad party. Open bar. =) and the decor is niice. Ill be a mexican and take a centerpiece home. Lmao!
2162239101	12341829	negative	Gah! Sorry everyone! No more guest list tomorrow! LINGERIE NIGHT@CRAZY HORSE this SUNDAY! Guys half/GirlsinlingerieFREEbefore10PM! Sorry! :/
2162239200	12341835	negative	Started to rain and delayed finish of race.  Officials are trying to get race in before more rain comes.  We are out of race and headed  ...
2162239503	12341846	positive	this rain seriously HAS to stop! unless of course theres a good thunderstorm... although me alyssa and sarahs walk through the rain was fun!
2162240001	12341860	positive	"has been silenced by the so-called ""twitpocalypse."" Enjoy the silence while it lasts..."
2162240000	12341861	positive	@MrsDDoubleU yeah twitter account and thread on .com I believe..trying to get both songs back. plus no twisted vid 2nite either..
2162240204	12341866	positive	Just found the most awesome feature of Snow Leopard: http://bit.ly/p7jYR
2162240301	12341871	negative	my last monday here would be filled by doctors appointments :(
2162240603	12341883	negative	RT @Gita: situation in tehran University is so worrisome. police have attacked to girls dormitory #tehran #iranelection#cnnfail
2162240803	12341889	positive	Getting ready 4 bed ! ZZZzzzzz; Went 2 a graduation party-h/been non-stop all day Nite all
2162240903	12341892	positive	"What a great night with friends sharing our pilgrimages, friends are worth much more than silver or gold."
2162241000	12341894	positive	things are looking up :]
2162241004	12341897	negative	Internet Marketing or Search Engine Optimization? | Bay Area ...: Search engine optimization (SEO) is boring. Wh.. http://bit.ly/vvSiY
2162241204	12341902	positive	@lalavazquez I just wanted to tell you that you are such a lady. You carry yourself so well. I wish you much success
2162241202	12341903	positive	Just got back from Andreas.  Fun times.
2162241300	12341905	negative	Sitting here alone as usual and stoned out of my mind at least I quit crying for a few
2162241304	12341906	negative	@LRGFan hell no! when i was a kid i was like man wtf is the point in this shit?! especially when the had lil Pokemon ones
2162241402	12341910	negative	Doin my wash and still wondering how wanderlai lost...
2162242600	12341952	negative	Oh yes!!!  Top Gun is on.  Sad I missed the volleyball scene.
2162242700	12341953	positive	@MyInnerDumbAss *shakes head* just wish I knew what I did....never mind. *snuggles closer to @_bobby_singer
2162242902	12341961	positive	"hoooome after a long, but successful, day! picking up the new car in a couple days :) realllly excited, I love it"
2162243002	12341962	positive	@dougstech Yeah...the DTV website is still working. Can still request DTV coupons until July 31...or until supplies run out.
2162243000	12341963	positive	Add @peterfacinelli & help us get him to 500k! Tell EVERYONE (:
2162243003	12341965	positive	"@LILPARADIVA I am taking my son to Paintball tomorrow.  He wants me to get a paintball marker and join....toooooo old, but may one day!"
2162243301	12341972	positive	"Wishing I had new wrists.........wondering if I can struggle to even click the amount of times I need to, to accept all my facebook requests"
2162243303	12341974	negative	Some dude wants to use me skill to make himself money
2162243403	12341977	positive	"This is not for real, afraid to feel.Grand opening for the family business doing great already! Bbq! Doing me! Ptfo. I feel free..."
2162243603	12341986	negative	Tomorrow im running 500 miles ha to make up for lost time
2162243701	12341991	positive	haha okay so my day sucked but i made the most of it by finding ways to keep myself laughing at nothing in particular
2162243900	12341997	positive	"things going on, but if you happen to think about if that would be awesome!  Thank you for continuing to be an inspirational role model"
2162244003	12342000	positive	Just came back from JCSA and its pub night.
2162244102	12342006	negative	Made it down to Anaheim. Waitin on the family and gonna prolly crash out before the big d-land tomorrow.
2162244301	12342013	positive	"Everyone follow @theseaterman, we RT Chuck Norris-style facts about @michaelseater. Recently tweeted facts will be coming shortly."
2162244401	12342017	positive	@Lancerman123 i like to shake my booty baby!
2162244603	12342025	negative	waiting to record a late night edition of the podcast #fb
2162245504	12342057	positive	mmm... idk why i feel so down need some cheering up. why is life so hard
2162245803	12342068	positive	found out tonight that @keepingupwmom and I were acquaintances back in like 2002. craziness I tell you.
2162245801	12342069	negative	"@ineedmayo is the hell!, welcome :)"
2162245901	12342071	positive	Obama plans to pay for health reform : Conservative Thoughts http://bit.ly/hIxAr
2162246102	12342075	negative	wondering where do I go from here?
2162246103	12342076	positive	Being bored.. Listening to Chiodos. =]
2162246200	12342077	negative	"My sista just forwarded me the MOST triflin shit! Kinda like the bitch my dude cheated with. Whaddup, Allison Allen?"
2162246302	12342082	positive	Listenin 2 music! My neighbours had it PUMPING whole nite and They still goin....Sorry 2 all d people who have church in da morning! LOL
2162246601	12342091	negative	Yo mamas so fat she ate the biggest loser!
2162247004	12342100	positive	just beat my dad in a game of age of empires 3 muhahah! victory is mine :P
2162247000	12342102	negative	"Photo: (via guidemetoyou) why why why, do you always make that ugly face mase? http://tumblr.com/xt021dhwv"
2162247201	12342109	negative	@MissJia EWWW. That is so fucking nasty. LMAO
2162247200	12342110	positive	i am an order of a chaotic mess.......
2162247303	12342113	positive	Why Twitter is better for Classifieds than Craigslist at Media ...: Craigslist has become the standard for commu.. http://bit.ly/hYDMS
2162247404	12342118	negative	@bignat804 lemme find out the cafe Is a rave club! Hmmmmm I see that nigga LOL bout to act a fool with this white middle age 40 man! Lol
2162247500	12342121	positive	i love my 650cc bike i got a car but motor bike is great  free air
2162247704	12342129	negative	@bombshellGG a strong one lmao sum shit to put me 2 sleep
2162247900	12342133	positive	happy bday to meeeeee
2162248201	12342145	positive	"i wish i could just teleport to anywhere in the world right now, and wander through the streets, free of stress."
2162249200	12342173	positive	@shannonseek I have no idea why I am here. But I live in a Victorian neighborhood that is exquisite. It is kind of haunting.
2162249202	12342175	positive	All a Blur: Britpop kings back on track with tiny comeback gig http://tinyurl.com/na6s3c
2162249203	12342176	negative	"@demonbaby I hate to say it, but you are the first person I thought of when I first saw him :("
2162249401	12342180	negative	"trust not in chewing gum, but in God - especially at 6am + 100km/h"
2162249704	12342191	negative	LOL RT @NerdIndian: Traffic jam on a flyover! Salaam Mumbai -
2162249803	12342195	negative	getting lost in the hollywood and highland parking complex is a scary scary thing.
2162250201	12342207	positive	@jemarisguyton Get 100 followers a day using www.tweeterfollow.com Once you add everyone you are on the train or pay vip :)
2162250404	12342213	negative	taking a blond to the hotel haha....its cuz she doesnt want to party.
2162250602	12342218	positive	Maybe drinking tea will make me feel better?      -Yes.
2162251102	12342235	negative	the youth of america aw fucking caca dirrty beaners wanna be fugly ugo sobs!
2162251103	12342236	positive	"Morrning my sweets! =) 2night i finnly will see who still the batter..! Dane, Obrin - Tonight!"
2162251204	12342241	negative	"@jaysimone lmao ""outta her personality"" .. gosh she looks so freakin mean!! I think im scared 2 meet her..but I really wanna lol"
2162251400	12342246	positive	ended up going to the B96 Summerbash and it was good!
2162251403	12342247	positive	"Had a great time with Alisha tonight! Dont see the movie ""Joshua."""
2162251600	12342252	negative	"realized tonight why as much as i love my mom, i cant move back to detroit LOL she would stress me to death LOL"
2162251703	12342259	positive	Listening to songs from One Tree Hill.
2162251902	12342264	positive	Join our follower club #FlockToMe and get thousands of new followers for free! http://bit.ly/irVAp
2162252503	12342291	negative	"Photo: Why is the Team America theme now playing in my head? oh yeah, FUCK YEAH! babypanda: 2007-08-27 http://tumblr.com/xdo21di3e"
2162252804	12342302	positive	@chinkchilla Oh!!! doll.. and i am having a FEAST now!!! Gee Whiz!!!
2162253001	12342308	positive	Bill Clinton: United States growing more diverse: Former President Bill Clinton said Saturday that Americans sho.. http://tinyurl.com/n9tdfp
2162253104	12342314	positive	This is interesting @tehranelection
2162253602	12342328	negative	My friends brother just almost beat me to death with a blow up doll...... These are the days of our lives.!!!!
2162253601	12342330	negative	Hey  twerkle DESTROYING shit right now!!!!!!!!!  ( live &gt; http://ustre.am/3qwM)
2162253703	12342332	negative	"just got back from an early morning stroll. 5:30am, saw a male horse mounting another male horse. Unpleasant to be honest."
2162253900	12342337	positive	Where Can I Find A Camera Download Cable For A Nokia Cell Phone. I Need To Download Pictures Taken With Phone? http://bit.ly/IWbc9
2162254301	12342350	positive	FREE INTERNET BUSINESS OPPORTUNITY: http://to.ly/frH
2162254403	12342356	negative	Another lost day...SmH....yOu ppL SUCK!!!
2162255202	12342381	negative	"#iremember Pogs and Slammers...I had the Illest collection, nobody was seein me!!"
2162255403	12342390	positive	@SweetDahlia your welcome i already have my diet pepsi and double stuff oreos for snacks
2162255503	12342391	positive	HAPPY BIRTHDAY  @COKOCLEMONS!! Hope you had a fabulous one.
2162255502	12342393	positive	Likes boys with freckles. :)
2162255504	12342394	positive	i love the jonas brothers so much!!! &lt;3333
2162255604	12342397	negative	"@thejeffwei i hated that movie, so stupid"
2162255904	12342405	negative	I can wait 2 go 2 vegas......only 5 more days and u know what happens in vegas stays in vegas!!!!!
2162256501	12342425	positive	finished watching waking up in vegas. going to sleep because i have a lot of errands to run tomorrow!
2162256803	12342433	negative	"@mandaray26 Oh yes, I am watching @dooce for SURE!  And, btw, she wanted to sleep w/the crown, but I nixed it.  Bad me..."
2162257101	12342443	negative	has a horrible headache and a case of the hick ups
2162257202	12342448	negative	@sara_wardlow lol-she was so drunk..didnt even make it to the last spot...im home now lol
2162257502	12342459	positive	this is in honour of pride day. ? http://blip.fm/~8711g
2162258302	12342484	negative	i am horny
2162258602	12342495	negative	"@CaressLepore I need you to scratch Rebbie off of that list.  ""Centipede"" was the jam.  It only takes 1 hit to get it right."
2162259000	12342504	positive	well its time for my tweet session to come to an end for i have finished uploading songs on my ipod.... this is ab_bey signing out...biya =]
2162259200	12342514	positive	I gave Emilio a card with black people dancing on it and a Hello Kitty lollipop for his graduation present. I give the best gifts!
2162259303	12342519	positive	@BradlyBeckles I will #squarespace you right in the face.
2162259300	12342520	positive	@wdwnt all the best to you has while;)
2162259402	12342521	negative	its official bang your pistols ms.Deonna on twiiter drop a couple lol..
2162259600	12342525	positive	tips and strategies from a social media insider. stay tuned!
2162259802	12342533	negative	Standing across from marios and the pens are hanging out the upstairs window with lord Stanley. (via @itsamanda9) Fuck yeah.
2162259900	12342537	negative	Loose your head just for your heart
2162260803	12342566	positive	Now I need some Irish prick from Ierland to follow.
2162260804	12342567	negative	abdominal muscle workout ..........after that....eating and going lazy
2162260904	12342568	negative	Wants to boink the shit out of Miss Megan Fox!!
2162261100	12342576	positive	@iamjuice u shoulda picked up that doggys angels too....real spit!
2162261401	12342584	positive	@ SET!  Trophy room!  Get here!  Its the new hip-hop room
2162261602	12342588	positive	"That party last night was awefully crazy, I wish we taped it..."
2162261601	12342590	positive	"watching Moulin Rouge! ((remembering the days we would all watch it back to backt, reciting all the lines..being in love with Ewan))"
2162261900	12342600	positive	RT@donniewahlberg @jordanknight Pls check out @bringsongsback! We all want the original Full Service set list back!Ethan told us 2 prove it!
2162262202	12342609	positive	k enjoy the pics im going to bed..
2162262203	12342610	positive	pretty sure I just picked out 23 years worth of earwax buildup and now I have superhuman hearing.
2162262704	12342629	positive	going to bed. good night you all.
2162262804	12342633	positive	wish me LUCK! this might be my last shot to have him stay! =)) 6pm
2162262903	12342641	positive	@IamJoeBeastmode aww joeey :) can you say that you love me :D?
2162263003	12342644	negative	RT @Don_Crowther Disappointing news: World Death Rate Holding Steady At 100 Percent | The Onion http://ow.ly/dL8c
2162263502	12342659	negative	"@MissKelleyT Yeah , Hellboy II was not nearly as good as the first. Actually had to fight off sleep during the lull (whole middle of movie"
2162263503	12342662	negative	@twixie09 BAHAHAHAHAHAHAHAHAHAHAHAHAH- FUCK YOU!!!
2162263603	12342666	neutral	Too much testosterone...
2162263902	12342674	negative	doesnt know what music to download
2162263903	12342675	neutral	@abbyroc of course! just let me know .
2162264302	12342683	negative	My Eyelids area so  heavy
2162264402	12342689	negative	sunday t.v on channel one.motor sports..i HATE motor sports
2162264501	12342692	positive	Marina Lomazov receives the ultimate gift: a Steinway piano http://bit.ly/15Ck4q
2162264602	12342698	positive	@megan1977 RT: @Didisupasoka Girls she will b ok thanks 4 all the good wishes
2162264800	12342704	positive	Ok is it everyone call me night!!! hahahahahA!!! Love it!!!
2162264900	12342706	positive	@DanTanner I agree. The important thing is for folks to educate themselves on managing their money / debt instead of buying false solutions
2162264901	12342709	positive	@curiousillusion how wonderful-a wedding at the gardens. wonder if it was the couple I saw in the carriage? http://twitpic.com/7cho4
2162265103	12342715	positive	@gabrieyell. Gabrielle you are hysterical... Hope you are having fun with Paris...
2162265401	12342725	positive	BOUTA HIT THE STOCKTON PARTY SCENE LOL SO LAME THE SAC SCENE IS SO MUCH BETTER LOL O WELL PARTY WHERE YOU CAN !!
2162265402	12342727	negative	"My client survived the Twitocalypse, did yours?"
2162265501	12342730	positive	@peopleshark thank you for the FF...good company to be in!
2162265504	12342733	neutral	@MzRedBone19 ima change my name to MzYellowGirl19 LOL
2162265601	12342735	positive	hahaha this is the best url ever! http://twitpic.com/7cunt
2162265804	12342742	positive	Spent the day with my queen.Everything is sooo perfect with her.EVERYTHING!
2162266001	12342749	positive	And if you go i wanna go with you and if you die i want to die with you.
2162266002	12342750	negative	"these motherfuckers are so lame, im going to bed in a few"
2162266203	12342757	negative	I have woven a parachute out of everything broken.
2162266300	12342760	negative	CNN should just have a rolling bar of the tweets coming out live about the protests at the bottom of the screen #cnnfail
2162266501	12342765	negative	Back to @twitterfon since @twitterific took a shit due to the twitpocalypse.
2162266503	12342766	positive	skype call (: i should really be studyingggg.
2162266603	12342769	negative	"@eyesoffire lol EXACTLY hahahah it will be slow too....cuz they will start gettin hot and slowly the ship will turn into an oven,then....."
2162266901	12342781	negative	"""Courage is fear that has said its prayers."" -- Dorothy Bernard"
2162267202	12342795	neutral	@Mickey_Stacks i got the ice cream i cant eat both
2162267303	12342796	positive	"#Iremember my 1st BF. A white dude named Trevor, I thought he was kinda cool & hardcore when he had to get stitches  from skateboarding"
2162267504	12342803	positive	glad 2 see Julio Lugo have a big nite
2162267700	12342807	neutral	@a4sline same size too. Kinds scary. T
2162267801	12342810	positive	@JuiCeyMcCools dag really well what i remember was cool i was like 5 when they wuz popular.
2162268200	12342819	negative	Some ppls actions are really foul.
2162268203	12342821	negative	@smcgov omg....guess you left that part out for today...yikes!
2162268504	12342828	neutral	06:21 - Wight Sky has arrived at Yarmouth
2162268603	12342832	neutral	Twitterific is offline on my iPhone due to Twitpocalypse. I feel so disconnected! I need #Twitterific 2.0.2 but it needs approval from apple
2162268800	12342839	negative	1) just sliced my finger open. 2) i really hate mckenzie right now.
2162268901	12342840	neutral	Vodka is NOT my friend !!!
2162269403	12342858	neutral	I really wanted a burrito
2162269803	12342873	positive	a #iremember is cool and all but lets start a new one. ummmmm how bout #ionce
2162270004	12342878	neutral	"Whipped. Food, Drink And Conversation From Around The Table http://bit.ly/xcn25 recipes"
2162270300	12342891	positive	@boyshapedbox I wish I was at Bootie right now!
2162270304	12342892	positive	@nickjonas http://twitpic.com/7cvtp - wow that is such a pretty view! you can even see the eifel tower! i hope i can go there someday... ...
2162271003	12342915	negative	RT: @BreakingNews At least 10 leaders of 2 Iranian reformist political groups have been arrested #CNNfail #iranelection
2162271702	12342938	positive	been homebound for 2 days trying to recuperate
2162271901	12342949	positive	Bodyrock was THE SHIT....Congratulations Choreo Cookies!!
2162272000	12342951	negative	Why does my head hurt so bad!?
2162272201	12342957	negative	awwww shyt my ipod headphones work on my BB!!!
2162272202	12342960	negative	Why did i just get denied a cup of water for being underage..
2162272504	12342969	positive	@hashmac Hey thanks for the RT
2162272502	12342973	positive	I hope Iran can step away from the darkness.
2162272704	12342976	negative	like hungry again already.
2162272902	12342982	positive	@souljaboytellem i give honor where its due so keep doin ya thang i knw it may not mean much comin from me bt its real! KWEEN KATT
2162273601	12343000	negative	@NayBeso Lol i be to lazy to open my itunes i just listen to everything on youtube or imeem haha.
2162274503	12343029	negative	bored to death...ugh
2162274501	12343030	positive	@poohberry then I proceed to finishin my twit before I make his drink lol
2162274700	12343036	positive	Omg this shit is packed!! Buuut odeeeeee happy to be wi @prIVY3 I LOVE HERRRR!!!!!!!!!
2162274702	12343038	neutral	PCH and 7th is the closest to the college
2162274904	12343043	positive	@eitak From your coolness. So u new to twitter?
2162275001	12343046	positive	"Mm yep just lovely , bed sooner or later .. perhaps"
2162275100	12343049	neutral	Everyone that reads this tweet has to click on this link and sign up for Swagbucks right now! Its free! http://swagbucks.com/refer/hbgoddard
2162275502	12343061	neutral	Hey whats going on my tweople
2162275603	12343064	neutral	making karaoke video...~_~ going to take a long time
2162275701	12343067	positive	"I will not give in to temptation. My God, My God, how wonderful you are."
2162275700	12343070	positive	@qcagirl --maybe it will remind us of the lovely estate.
2162275802	12343072	positive	"@wbilliam66 I stopped doing comics ages ago. I now do fine art, mostly commissions and magazine covers."
2162276000	12343080	negative	"RT @lmighton BBC reporter: ""We were arrested and had our tapes confiscated."" http://bit.ly/QKbxF"
2162276104	12343083	positive	The Dark Knight...... Is an Amazing Film
2162276503	12343101	neutral	@LoveCarmen you waiting on sum luvn?
2162276601	12343102	neutral	Why is @roosterteeth following me?
2162276702	12343106	positive	@twilightgossip very excited for them to come here
2162276802	12343110	neutral	I wanna pierce my tongue
2162277304	12343126	negative	"@mistydawn326 tornadohunt special comes on later, if I make it that long. I am going to watch it. otherwise I am just gonna tivo it"
2162277502	12343132	negative	@caspermarino dont you just love it when your talking about something REALLY important and your phone dies..n your not near a charger!
2162277604	12343136	negative	if a guy tells me that aqua teen hunger force is stupid there is no chance of him getting into my knickers....big turn off
2162278001	12343151	positive	@biancaduhh We will probeley be here like 15 min
2162278002	12343152	neutral	@ItsMeMissVee lol did she hav fun out there??
2162278004	12343153	positive	@nurse_pandapple I have to sleep everyday
2162278201	12343156	neutral	"Spinning @ foxtail in w hollywood with @djsplyce in this major traffic, then off to close at element in hollywood. Hi @djlos! I c u."
2162278202	12343157	neutral	Fishing and Thinking in Minnesota http://bit.ly/hXNNP
2162278303	12343160	neutral	"RT @delicious50: Signal Patterns | Psychology-based Personality and Music Preference Surveys, Tests and Quizzes http://bit.ly/1aydKW"
2162278703	12343174	neutral	A new JumpBox for Gallery has been released! Check out the details for release 1.1.2 at http://www.jumpbox.com/app/gallery
2162278802	12343175	negative	tomorrow is monday!!! not a good thing.
2162278902	12343178	positive	RT NEWS: Photogene is a photo genius for your iPhone http://is.gd/11l6o (via @iPhone_NewsFeed) I use this app five stars plus one more.
2162279403	12343194	negative	Did you know that in n out is feeding us Christianity? For example: the cups say john 3:16 on the bottom. Scary.
2162279704	12343203	neutral	so i think i need to go to sleep eventually.. why not now?!?!
2162279702	12343204	negative	@CoutureQua LMAOO ... I KNOO ... I BANGED IT ON HER SHE WAS TALKING SOME BULLSHITTT!!!!
2162279904	12343212	positive	just finish talkin to lucinda aka mookie  she lovin ya boy  swaggggg  she calls me chicken butt woww ......
2162280002	12343215	positive	@NathanMillson Your sweet but have an exam and simply MUST study! been watching movies of Dita Von Teese all day and slacking off! nxt wk?
2162280402	12343228	positive	Headed to brinson......finally
2162280602	12343234	negative	Avoiding the city at all cost....
2162280801	12343241	positive	"@lazyoaaf omfg! aw, i loved it (: put them UP! hehe."
2162281004	12343249	positive	Tips to Sell your Website: There are numerous key elements that you need to follow when attempting to become a...http://tinyurl.com/ocs4tf
2162281100	12343250	negative	@wes2211  looooooooool fuck the government
2162281102	12343252	positive	@Jonasbrothers ARGENTINA WANTS THE JONAS BROTHERS FOR CHRISTMAS / NEW YEAR!
2162281603	12343269	negative	Trying to decide if I should call the security guard on the ppl having sex in the POOL!!! Get a room!!!
2162281704	12343274	negative	WTF is wrong wit me like i dnt feel the need to talk to my otha chicks nomore she dnt have me like that or do she now thats PURE BULLSHIT
2162281802	12343275	negative	"@AshleyLTMSYF OMG I CANT STOP LAUGHING HERE OMG ""Im not quit sure what im doing "" haha"
2162281903	12343282	positive	Company just headed home...watching some late night tv before calling it a night!
2162282001	12343284	neutral	The dead poets society were a group of guys dedicated to sucking the marrow out of life(: ha
2162282602	12343310	neutral	Girl you know I I I
2162282703	12343313	negative	just about to hit the sack. im tired and we have lots 2 do tomorow
2162282804	12343317	negative	@flydude22 I just killed ROCKIN THAT THANG!!
2162283104	12343323	neutral	@godlessphoenix Hows the party?
2162283102	12343324	negative	@grrrieebsss @katabolickatie i dont think rubbing a dick is considered rape.  especially if im getting paid.
2162283204	12343328	positive	@DonnieWahlberg you are a real true person donnie .. Big ups to u all we love u &lt;3
2162283603	12343340	positive	@BleuMuze I am here by choice and that has been profound to accept. Thank you for your kind acknowledgment.
2162283600	12343342	positive	@blackhandprinz  kids dont know how to multitask big homie!  i love my stove so much i put my bed in the kitchen! HIPHOPBEEf.COM
2162284003	12343351	negative	So i jus got the most disturbin fone call from my ex &gt;=[ so my night is def ruined now ugh fml!
2162284601	12343366	positive	@JellyWrestler That sounds very relaxing.
2162284801	12343374	negative	"RT @msjamiet: #iremember catching negros up in they lies courtesy 3-way b like ""uh uh yo ass lyin i heard eerthing u said!"""
2162285603	12343399	negative	Got his ass kicked after everyone left....still has orders comin in.... &lt;MaNOnDaMooN&gt;
2162285800	12343406	neutral	@IamDilly yah gotta train for the season
2162286103	12343416	negative	"while imperfect, @Lincoln_Center is the standard bearing model in harnessing the economic and artistic impact of 12 arts groups (small & lg)"
2162286204	12343419	negative	"@SunnyDelight00 ight i got three points and im done wit you...1) not mad, i told you i could care less bout what you say..."
2162286301	12343421	positive	"@SimoneGrant  hopefully soon; bastard rain!  ruins the hair, heels, and looking hot!"
2162286700	12343434	negative	@deannasworld I hate when sporkchops just show up uninvited.
2162286801	12343436	negative	is sad that the long weekend is about over...
2162286803	12343439	neutral	Winded after 3 flights of stairs....fml
2162287602	12343466	positive	"watching the TV version of the WWE events that I went to @ Staples, U get to see thing u did not see @ the stadium."
2162287600	12343468	negative	Just saw some guy go down the wrong side of the road lol. Tense.
2162288002	12343482	negative	thinks she has been food poisoned. Must be those beef tataki and sashimi! http://plurk.com/p/10qtm7
2162288003	12343483	neutral	going to sleep another day of partying goes to rest
2162288202	12343491	neutral	"TIP:  If a cop tells you to put your gun down, DO IT. http://bit.ly/Mo1wc"
2162288302	12343494	positive	Partying allll night on the coolest party bus with some crazy people! Whoooo!!
2162288603	12343502	neutral	it rained about an hour ago. seems to become sunny.
2162288800	12343509	negative	Listening to my music and being bored as hell.
2162288803	12343510	negative	I do not recommend the movie Up. I fell asleep........but that could have been the mono talking.....
2162289102	12343517	positive	#iremember the introduction of one day cricket and shock horror coloured cricket uniforms ... ...
2162289101	12343518	positive	Special Thanks To: @daveoffen @residualfuture @health_tweets @weightlossdietz
2162289203	12343519	negative	gonna get locked in @ the Shack today!
2162289502	12343529	negative	julian is soo bomb 4rm ggpr...hope he dnt have a gf
2162289903	12343546	neutral	@mnystedt who to you deal with at dell? Headline PR?
2162289904	12343547	positive	@v3dastarr i love you in tha city
2162290700	12343571	positive	@jedmadela your number with Charice and the other boys was lovely!
2162290800	12343577	neutral	And why am I awake?
2162291003	12343582	neutral	"Just changed my twitter background, check it out! Found it at http://www.TwitterBackgrounds.com"
2162291204	12343589	neutral	is at home after just being out
2162291203	12343590	neutral	Is is a little known fact that The Offspring - Keep Em Separated is about vinegar and baking soda.
2162291401	12343598	negative	ughhh I hate the way you make me feel.
2162291504	12343601	positive	To sit through the blockage of chapter 3... will end in satisfaction.
2162291902	12343614	neutral	"Hmmm. Is it true, is adriana lima pregnant?"
2162291904	12343615	positive	My first drift event was dopesauce. Had SO much fun.
2162291901	12343616	positive	@CaptainTroy What are you celebrating?
2162292001	12343619	neutral	officially camping out to meet @Taylorswift13
2162292100	12343622	neutral	"The Islamists try to save lives, but the Sufis try to save souls."
2162292201	12343627	neutral	@joelpage if only you had the full complement of Unicode to work with... U+2212 MINUS SIGN FTW
2162292404	12343634	neutral	@lacar I have no idea wtf is going on anymore tbh. -_-
2162292501	12343635	positive	"@trainwreckate Ah.  Well, if she tries to stop you from going, let me know, ill talk to her. (Or let me know if I can help another way too)"
2162292500	12343637	positive	@Jonasbrothers ARGENTINA WANTS THE JONAS BROTHERS FOR CHRISTMAS/NEW YEAR!
2162292504	12343638	negative	When the going gets tough......The tough get Going!
2162292603	12343639	positive	@drewryanscott Awww have fun Drew!! Say hi to them!! Lol
2162292703	12343646	neutral	still on the phone.
2162292704	12343647	neutral	@moedabbagh Did you get a laptop?
2162293102	12343660	neutral	@wafflesss it (#Mean Girls) is currently showing on TBS (on the west coast at least).
2162293501	12343674	negative	amath is totally killing me right now! haha
2162293901	12343687	negative	Dying of boredom now.
2162294002	12343693	neutral	Hey @DJJUS you never did click to follow me so I could DM you  (DJ JUS AKA MR LEVEL 10 LIVE!!! live &gt; http://ustre.am/3hJm)
2162294801	12343719	negative	rofl!!! thats something i would say RT @xGuavah_Go: #4morningafterwords (pft) like hell i did
2162295404	12343735	positive	This has to be the comfiest couch in the whole world. -enjoys the mushiness-
2162295504	12343739	negative	sitting thinking why am i dealing with stuff that is continues to stress me.  i have changed the way i am living so why wont this change.
2162295701	12343742	neutral	Time for me to sleep.
2162295904	12343751	negative	Asshole.. I dont even know why i bother with u anymore.. U arent even worth my time.. Gwrr wish some people would just go away..!!
2162296202	12343762	negative	long night. bout to hit the sack.
2162296501	12343772	neutral	A we leaning baby n here cause she hold me down
2162296702	12343776	positive	"@lobo0570 bite me, I am watching the tv show YOU put on"
2162296903	12343781	positive	RT @womenadvocates: Days of courage Tehran. Women must be cautious. Unrest dangerous.
2162296904	12343783	neutral	#iremember when all the girls had dookie braids...who gonna bring them back out????
2162297202	12343794	negative	just got home from town so tierd and my nerves on getting on my nerves
2162297203	12343796	neutral	"Hands Down, The Best Facebook Vanity URL http://ff.im/-3Xe67"
2162297401	12343797	positive	@frogst that happened to me in April.. had white stripes on my arm from the wriststrong and live2share bracelets that I wear
2162297404	12343799	neutral	Hating life right now. Fucking mac..
2162297604	12343806	positive	"""A dozen press agents working overtime can do terrible things to the human spirit..."" Cecil B. De Mille in Sunset Boulevard"
2162297903	12343816	positive	http://twitpic.com/7cwst - Oh. Fun at the No Doubt concert.
2162297900	12343818	neutral	@BrianTracy_ I follow you from Bali. I affirm you to come to Bali one day! www.oneworldretreats.com
2162298100	12343824	negative	"I talk to eric a lot, so follow him or prepare to be confused"
2162298101	12343825	neutral	Is this real life?
2162298404	12343833	negative	nine month relationship all gone? slamma lamma jamma!
2162298501	12343838	neutral	"@AgentBooth uh, creepy. Holding someone while they sleep?"
2162299304	12343863	positive	"@yelyahwilliams wow, your online! HI!"
2162299301	12343865	positive	No local news for me tonight. Thanks APEX for your crappy non-working equipment! I need my ch. 7 news (abc)! UGH
2162299400	12343867	negative	anyway my stomach/legs are just about dead tonight. Enough of that yoga/stretching stuff lol.
2162299500	12343873	neutral	"Oh my god, i am at a strip club."
2162299604	12343874	positive	"@DonnieWahlberg thank you for making this experience what it is, the most incredible experience of my life."
2162299703	12343878	negative	@Markie2fr3sh not a damn thing ! A waste of a saturday night smh
2162299701	12343880	positive	@Ozangel82 yeah i guess no one is as active as me haha
2162299802	12343883	positive	Watching Team America in Texas. How appropriate.
2162299804	12343884	neutral	#iremember Nike swoosh pants and watching Fresh Prince of Bel Air
2162300202	12343895	positive	Demosthenes http://demosthenes.blogspot... has a great analysis of the Iranian elections/ #iranelection
2162300604	12343911	positive	@xo_melody haha i knew it was coming.
2162300804	12343917	positive	Yo amigo you cant........Your welcome. (Roger dorn)
2162300900	12343919	positive	@byppulrdmnd u dnt kno how mad i was! I had JUST got there!
2162301104	12343925	neutral	Abatacept Dosage: The dose of abatacept that you are prescribed depends on several factors including your weight.. http://tinyurl.com/llcrwy
2162301100	12343926	neutral	@ChrissyB4u2 rhoderick told me your sex stories
2162301102	12343927	negative	"Long night, frank has a shot cup on the brim of his fitted, oh shit"
2162301203	12343931	positive	David Richo offers a free downloadable book on his website. awesome. http://www.davericho.com/free_book.htm
2162301402	12343935	neutral	Compelling videos from Iran showing the police and their heavy handed tactics http://twurl.nl/qbc5yz #iranelection (via @zaibatsu)
2162301401	12343936	neutral	"just pulled a tampon outta my bra and sang ""i got the magic stick"""
2162301400	12343939	neutral	starting the job search!
2162301601	12343946	positive	JUST MADE A HIT...I MAKE BEATZ ALLDAY...DAMN...YALL KEEP SLEEPIN ON ME!!!!
2162301700	12343948	neutral	quick question. why is mean girls a trending toppic.. ?
2162301900	12343954	neutral	the day I depart has officially slipped into the 10-day forecast on www.weather.com
2162302403	12343971	positive	Watching the dark knight
2162302501	12343976	negative	@Alvaroyanez well i just dnt know see it your self
2162302903	12343993	neutral	@donniewahlberg just had some chz grits in indy..WH facetime 628?!?! http://mypict.me/3LrV
2162303104	12343997	neutral	Roll up and give your opinions at our #BB10 forums http://bit.ly/15zF3T
2162303401	12344007	positive	Thank you for anything and everthing you do to help young girls - you are a great role model for girls.
2162303500	12344012	neutral	anyone know where i can get a hadron collider at a decent price?
2162303604	12344018	negative	hey everyone im kind of bored hw u all doing?
2162303702	12344020	negative	Have you ever met someone *so* stupid that you wanted to slap them for just being born?
2162303703	12344022	negative	this sucks. i feel horrible.
2162304004	12344030	neutral	Sushiiiiii! hahahah talk about appetizer.
2162304400	12344043	negative	i saw the lite skin receiver from The Game on Smart Guy today young as hell...that was a dose of randomness
2162304503	12344044	negative	More craziness in just a few hours. Must sleep. Now..
2162304600	12344048	negative	ive been a slaved driver today... sucks!! im too exhausted!! gone for bed now..
2162304704	12344051	positive	"@sexychris Hey Chris, have you tried our beers?  If so, what did you think?  Any suggestions for a different brand that we should carry?"
2162304804	12344056	neutral	@TreseyB somebody always doing hair at yo house!
2162304903	12344057	negative	I have a full right to hate the world ...
2162304901	12344059	positive	@Jonasbrothers ARGENTINA WANTS THE JONAS BROTHERS FOR CHRISTMAS/NEW YEAR!
2162305302	12344071	positive	@Pink you have obviously been in cairns north queensland! make sure you go to the daintree is beautiful
2162305404	12344075	positive	the univers is still growing
2162305504	12344078	negative	The Giants are kicking ass with Randy Johnson
2162305700	12344085	neutral	In Toyko connecting to Portland. Looking forward to seeing my kids !
2162305800	12344088	positive	@jonasbrothers:ARGENTINA WANTS THE JONAS BROTHERS FOR CHRISTMAS/NEW YEAR!
2162306101	12344096	neutral	@crecks lol omg definitely not! lmao
2162306102	12344097	negative	@BStubbs92 We just got home from Cali.... Lost baggage though at the airport. FAB.
2162306202	12344099	negative	"@amanda_nan It was a bad reflex. I said it out loud before I realized it. I posted to LaF on Craigs, got the cab# & reported it to dispatch."
2162306200	12344100	neutral	"Now looks like we got ""quorum""."
2162306504	12344107	negative	The Bear of Bad News.
2162306500	12344108	positive	Joeys is rowdy like a night club right now... WOW.
2162306604	12344109	neutral	Apparently i entered a wet t shirt contest
2162306803	12344118	negative	@moraxmacfarlane im not sure what happened im thinking twitter isnt giving you my msgs ill log in tomorrow to see if rest makes it work cya
2162306801	12344121	positive	"""coach carr step away from the underaged girls"" - principle in mean girls http://tumblr.com/x3421dk6b"
2162307204	12344134	neutral	@MsPiinkY thanks... How was ny?
2162307602	12344149	positive	@Jonasbrothers ARGENTINA WANTS THE JONAS BROTHERS FOR CHRISTMAS/NEW YEAR!+
2162307704	12344151	positive	going to sleep now. waiting for monday to come...
2162307702	12344152	negative	EVERY OTHER DAY YOU MAKE ME FEEL LIKE UGH!!! I DONT LIKE LOVE/HATE SITUATIONS
2162307703	12344155	neutral	iShotgun Pro site is updated including screenshots/ demo movie and more www.imalki.com
2162307800	12344157	negative	"@TechBabe Ive had a migraine for a week , alcohol will only irritate it. Insomnia might be contributing to it since I havent been sleepin"
2162308301	12344171	neutral	@KayaNee  did you run for the border?
2162308701	12344185	neutral	@honeytits did you get blood spattered?
2162308702	12344189	negative	watching the tweet-per-seconds on the Iranian election conflict/revolution/riots/what the hell is going on? #iranelection #cnnfail
2162309203	12344205	positive	Sitting outside on my deck watching fireworks at the park - wow!
2162309403	12344209	negative	RT @dooce: And now for the worst car ride of my life.
2162309704	12344217	negative	"Im just so mad at these ppl on FaceBook  idk wat to say idk y they worrying about my status on there, and then what they said about it, WTF!"
2162310104	12344230	negative	In mahabalashwar.   Pathetic network here.
2162310201	12344236	neutral	talkin on dha fone wit my boyfriend
2162310303	12344239	positive	@lindseygrande glad you liked it YUM YUM!!!
2162310300	12344240	negative	just finished grandmas bday lunch. dinner starts @ 6pm. sht my family eats lots.
2162310503	12344244	positive	Just finished my daily Chi Kung exercises and feel rereshed for the new day. happy Sunday everyone!
2162310702	12344254	negative	its still drizzling outside and im not yet done with my laundry.....
2162311002	12344261	negative	"hella said twitter.com/dollagang , he signed up the day he died and only got in 2 updates :/"
2162311101	12344265	positive	"I am going to eat a whole lot of jelly and peanut better, while watching Titanic, in my washroom, while wearing short shorts B/C I Can Bitch"
2162311400	12344274	negative	what the F*** is wrong with my life?
2162311602	12344278	negative	@_newnew yah she lowkey fine as hell
2162311600	12344279	negative	House music at Rebar tonight. $5-7 cover.  I just got up. Why am still so tired?
2162311704	12344283	negative	@ cevelander partyin!!! Its so hot outside!! http://myloc.me/3Lsm
2162311800	12344286	positive	Angels won today      remember angels r da bomb  and the dogers SUCK
2162311803	12344288	neutral	@rshirazie your tweets dont make sense..
2162311902	12344290	negative	@TYRESE4REAL http://twitpic.com/7ckot - He may not have a million followers but he knows how to take us for a ride who else is doing wha ...
2162312002	12344293	negative	"#iremember  When mike tyson made people waste money on PPV. One minute you go and grab a soda, when you come back, the fight is a wrap."
2162312101	12344298	neutral	studying domestic violence and protection orders for Family Law on Friday
2162312104	12344300	negative	it sucks to be so busy these days. =T
2162312203	12344303	positive	@DonnieWahlberg NO MISTAKES EVER DONNIE..WE LUV THE RIDE AND WE WANT TO KEEP IT GOING 4EVER
2162312300	12344305	negative	I have no idea how some of these people I work with function- too much chlorine in the gene pool.
2162312301	12344307	neutral	@al_twit I am not THAT bad!
2162312403	12344310	neutral	last tweets --- appears to be old new.
2162312704	12344318	positive	watched twilight again but in spanish. yes im that obsessed.
2162312903	12344325	positive	into my new place in missouri with a great job... good dreams huh?
2162313001	12344327	neutral	Not going to bed till... Who knows when!  Exciteddd
2162313201	12344332	negative	@i_am_tory Why suspect two of your best friends?
2162313303	12344335	negative	@howdidwemakeit people are dumb like every day lacee lol
2162313900	12344355	negative	#YouTwitFace is such a fuuuuuuuuunnny name!
2162314000	12344357	negative	"is going to bed, wake up early, barn till like noon. home, studying, and shit."
2162314100	12344362	negative	You have been shown to be a thing are ignorant of the will of god as he is always in existence.
2162314102	12344363	negative	tmrws the last day of exam week.aah and the subjects are english and one other unimportant subject.I rule english but sometimes I mess it up
2162314200	12344364	negative	I think it is time to crash... #fb
2162314301	12344367	positive	@MDSuNnY nice to meet you.
2162314302	12344369	positive	"listening to musiccc, pretty fun. i have amazing music tastes(:"
2162314604	12344379	neutral	Lunch over back to workj
2162314603	12344381	positive	Back at the hotel bar. Because i can charge it to the room. And my dad is paying for the room.
2162314702	12344385	positive	@Jonasbrothers ARGENTINA WANTS THE JONAS BROTHERS FOR CHRISTMAS / NEW YEAR! !!!
2162315604	12344419	positive	Had the best time tonight I am drunk and so happy I got to see my Uncle Greg!!
2162315903	12344430	negative	"""she doesnt even go here!"" ""no...i just have a lot of feelings..."" lol"
2162315904	12344432	positive	Philidelphia Phillies (Official Site) &gt;&gt; Happ asked to provide relief with start http://tinyurl.com/n5bjpv
2162316100	12344436	positive	Had a wonderful course and an awesome reunion.
2162316103	12344438	positive	@naturallyalise how? i wanna know too! *angel*
2162316301	12344443	negative	Valkyrie - A Fat Woman on Horseback OR a really bad movie starring a midget from Australlia named Thomas Mapother
2162316404	12344447	positive	Have a blessed and sweet dreamy night my Tweeps!!!
2162316603	12344452	negative	RT: is it wrong to be this excited about something? I neeed tomorrow night soo bad &lt;3(: http://tinyurl.com/laa6t6
2162316700	12344454	positive	@shreddynegro how could they think you were sway!?!? You guys looks soo diff..
2162316801	12344458	positive	"@neilhimself ""Meet the Girls with the Thermo-Nuclear Navels!"" is the best tag-line ever, however."
2162317100	12344466	positive	"HOME!, home again.  I like to be here when I can!"
2162317202	12344471	negative	@jaonyourmind nah Frankie would try just to get on tv
2162317201	12344472	neutral	Four Simple Steps To Write A Successful Resume : Article Journals http://bit.ly/8fMbH
2162317400	12344481	negative	AT&T gave congress 108 million to stay out of JAIL
2162317804	12344490	positive	@pinkxmx: see. Lol. You like raisins?
2162318000	12344501	neutral	when is the best time to go to the dentist?
2162318304	12344508	negative	I am stuck at my friends camper in #duckneck its pouring and the battery to my golfcart is dead!
2162318301	12344509	neutral	Harpers Island is where its at!
2162318903	12344528	positive	"Never consider the possibility of failure; as long as you persist, you will be successful. - Brian Tracy"
2162319300	12344543	neutral	@anggiamaryorie Not Yet. Later maybe. Was it good?
2162319301	12344544	neutral	RT @globtrav: running out of time to win $1000 travel voucher with mapvivo contest http://is.gd/11nrV closes 30 June
2162319900	12344564	positive	I love zoe.. meggie.. hannah.. patrica and remilia!! you guys sooooo great!bff~
2162320101	12344570	negative	Team America and banana chips! Hell yeah!
2162320204	12344572	neutral	RT @DeviDev: #iremember when the evening movie price was $3.75
2162320401	12344577	neutral	Now six flags tomorrow with the friends
2162320502	12344580	neutral	http://bit.ly/uU6z5 - Young Brunette Loves  Being Fucked and Jizzed
2162320600	12344585	negative	#iRemember gettin lost at Disneyland wit i was really young n seriously thinkin my life was over lol
2162321102	12344603	neutral	Damn. Ok he says I need to move back wit him lol.. ya ok hmm I will think about it
2162321302	12344611	neutral	Why is this stranger penis in my face.
2162321601	12344622	negative	@shanroseslav shut up.
2162321604	12344625	neutral	my twitter new!!
2162322001	12344633	positive	Still mending. Why cant he just understand!? He says he does but ug yes right
2162322100	12344636	negative	RT @rstevens: Gross word of the day: Fartchetecture: The designing of buildings with copious airflow because people are gassy.
2162322200	12344642	positive	Im about to buy a new chair. Wow they are expensive on the internets. I am going to get the wal mart special
2162322303	12344645	neutral	Omg I forgot about this guy! hahahahaha
2162322401	12344646	positive	The Tampa Tribune &gt;&gt; Rays maintain momentum against Nationals http://tinyurl.com/noutfp
2162322503	12344650	negative	@miss_monet  well i can teach you what i know which happens to be enough to beat a 3 year old!!!
2162322601	12344651	neutral	shares http://tinyurl.com/l8lggx (My 1970s Seiko Bullhead Chronograph finally arrived in the mail this morning... http://plurk.com/p/10quq6
2162323104	12344665	neutral	??????  super talkative fiction in this issue  http://bit.ly/jjo8B
2162323203	12344666	negative	Ugh i hate when it comes down to this.
2162323200	12344668	negative	At least the Yankees are 3 games out of first as well.  Why do us #mets fans focus on and take such delight in the failure of the #yankees?
2162323400	12344675	negative	Im actually more tired then I thought... Should I sleep? I dont feel like it.. should I? Indecisiveness kills me.
2162323500	12344676	positive	Learn how to get your website on the first page of Google in an hour!  http://tinyurl.com/pphjvn
2162323504	12344679	negative	"RT @AllModConz: On #cnn , guest says election result is as ridiculous as if african amer all voted mccain instead of obama  #iranelection"
2162323804	12344690	positive	RT Why CNN does not fail and Fox News is part of Comedy Central: http://bit.ly/UTHwu (via @MadKane ) #CNNnotfail
2162323902	12344691	neutral	@NauticaThorn Twitter bang you? On another thought just bought one of your vids.
2162324101	12344697	positive	"says ""I finished proof reading the study guide and a quart of Mocha Almond Fudge ice cream. Now...off to bed!"""
2162324100	12344698	negative	drunk and sleepy. heading home.
2162324403	12344707	positive	"@theimpulsivebuy Damn, YES you should review that. Of course, I just use my bare left hand to do the honors. Eat with right, wipe with left."
2162324701	12344717	positive	@victorian_lace for the record I loved it and love Lynch. Trying to see all his films.
2162324804	12344720	negative	@krishnan It says something of us that we allow our own leaders to steal an election (to start a war).
2162324801	12344722	positive	http://twitpic.com/7cx18 - The boys at the end of our MS fun run/walk today. Dad is very proud!
2162325001	12344727	neutral	@HoneyJune no im not
2162325102	12344728	positive	drinking a juicebox then goig to bed
2162325302	12344735	neutral	"Product endorsement: ""Let the Right One In"""
2162325603	12344743	neutral	@maxenemagalona are the t-shirts are available at any sm branches?
2162325902	12344753	neutral	fat free whipped cream.... what was i thinking Smh
2162325904	12344754	neutral	"Wild Wunz of Radio DePaul & Chiground.com present ""The Initiation"" mixtape. http://sharebee.com/83e548d6. Hosted by Jamaal frm Radio DePaul"
2162325900	12344755	neutral	@Irishbabe22 Are you giving hints to what Jon got?
2162325903	12344757	positive	@IdolScott Better have made that a REALLY big autograph!
2162326001	12344759	negative	v. true RT @aplusk: and true hospitality is not how kindly you treat an expected guest but the unexpected one. (via @joyous9)
2162326003	12344761	positive	RT @EileenLeft: Watching CNN Topic - Hate In America - Right Wing Hate Groups growing in U.S. We need to gather together and stop this crap!
2162326400	12344774	negative	FFFFF internet dies as I find a boss I wanted to kill.
2162327203	12344793	positive	Having fun on webcam. Wish I had more viewers. LOL
2162327304	12344794	negative	@LADYGaGA7 OH NOTHIN SUPER BUSY BUT HAVE TIME TO TALK TO U!!!!!! IM BUSY CUZ OF FULL TIME SUMMER JOB MY MOM MADE ME HAVE!
2162327400	12344796	neutral	@Monique510 so can I get my pics now or what?
2162327600	12344801	negative	@knkartha She said her kid is afraid of people with turbans. Anything wrong in that ?
2162328003	12344813	neutral	@rshirazie what kind of work are you going to do?
2162328002	12344814	positive	Watched the hangover for the 3rd time so classic
2162328101	12344815	negative	"makin a pro sign and it sucks -_-,, but im soo bored [[x"
2162328102	12344816	positive	back from a great rehearsal and feeling Like A$$! need a Niquil induced Coma!
2162329102	12344848	positive	@donniewahlberg and us the fans are blessed for the best 5 guys on earth! You guys are so sweet and fun and it means alot to me that u care
2162329304	12344856	positive	with LOVON + MIKKA! just watched the Hangover SO funny!! you should see it??? REALLLYYYY
2162329301	12344857	neutral	"hmm now maybe, just maybe something can happen idk.."
2162329402	12344858	positive	just got back to hotel. the RASCAL FLATTS  show was awesome! but hot!
2162329602	12344867	neutral	@JMackEsq thanks.. how u been?
2162329704	12344869	positive	finished all four seasons of the hills and its soo awesome haha is there gonna be a 5th?
2162330104	12344881	negative	6th st is a friggin mad house with all this biker stuff.
2162330201	12344883	negative	omg my head is killin meeeeee
2162330200	12344884	positive	I am planning to go out for a nice day...
2162330303	12344886	negative	RT @cracked Tattoo Body Map (http://bit.ly/60VJ6) See what your bad decision says about you as a person!
2162330703	12344898	neutral	@LBlayzePro What it do BOO BOO!
2162330704	12344899	positive	@dooce Sending good vibes to your vagina! And not in a sexual way! Unless you miraculously have an orgasmic birth! Which would be whoa! xo!
2162330901	12344902	neutral	"thedailyaphorism.com ""you can live to be a hundred if you give up all the things that make you want to live to be a hundred"" - woody allen"
2162331101	12344911	negative	Why do I have to invite ppl to my special occasions? What have they ever done for me?
2162331304	12344914	positive	"My mind has changed direction,it has altered state of consciosness,strange but not uncommon.lol.needs..very sssllllllooooowwww recovery."
2162331403	12344916	positive	"listening to ""All The Night Without Love - Elvis Perkins"" ? http://blip.fm/~871i6"
2162331400	12344917	negative	Recession fatigue; ready for it to be o-v-e-r.
2162331602	12344924	positive	"@talcotts gee, thank you, that really made my night! I just have to remember that the frustration always passes, eventually."
2162331701	12344926	negative	"is tired of caring about what they think, i have no Boyfriend! ok? argh!!"
2162331802	12344929	positive	@Producer_Crazy sup.? I can seem to only b on twitter n da house lol
2162331903	12344931	neutral	RT @BreakingNews: AFP: At least 10 leaders of  2 Iranian reformist political groups who backed pres candidate Mousavi have been arrested
2162332103	12344940	negative	"I was angry with my friend I told my wrath, my wrath did end. I was angry with my foe: I told it not, my wrath did grow."
2162332302	12344946	positive	@Katiekins32 duh of course!! lol. everything is great! we have been in bed all day. lol.
2162333002	12344968	negative	Survived a night at a club. Fuck I hate clubs  http://myloc.me/3Ltp
2162333200	12344977	positive	@DawnRichard damn dawn get it in no sleep always hungry I love that about u girl have a bless nite dawn love ya!!!!!
2162333600	12344989	positive	still feeling tired.. me and my friends had a blast yesterday!!! i just wish i have much money *sniffs*
2162333903	12345003	positive	Finally listening to Drake. No wonder you girls are swooning.
2162334002	12345008	negative	"@JuicyRican702 I just played that in the club.... ""never follow orders dick face get ya shit str8 fucka this is big jae"" WHOOAAA CAN I LIVE"
2162334203	12345012	positive	Just discovered one of my followers is a guy from Arizona who dresses up as Batman for fun. hahah awesome. dorky but awesome.
2162334501	12345022	positive	@Gavsmom1999 IT stays with you.  You learn a lot about yourself playing hockey. Tomboy? Every kid should find their own likes & pursue them.
2162334504	12345025	neutral	"""In about three years holla at me @mileycyrus""...u never heard that line miley?"
2162334604	12345026	positive	@mileycyrus this is beautiful *-*
2162335004	12345036	negative	hey i hate being bored on weekends!!
2162335302	12345045	neutral	"This nigga @ReggBstro got my email on my phone workin , now i think im gettin hella texts but the just emails !"
2162335400	12345049	negative	@mileycyrus http://twitpic.com/7aclc - @veropperez wow your bieng immature if your going to hate dont post it on the internet
2162335600	12345054	neutral	Wow when did high schoolers get cute?
2162336404	12345085	negative	@ameliaholt Haha and my room is the party hall
2162336401	12345086	neutral	space mountain again!
2162336703	12345089	negative	at jackies house....hanging out and eating tons of junk food....
2162336804	12345092	positive	i think i lost 2 POUNDS today just by grilling under the sun. reached 101F and i was SWEATING like a pig.. but real pigs DONT sweat!!
2162337001	12345097	negative	officejet problems When I scan a photo (ex. 4 http://ow.ly/dZRE